{
  "format": "vc_demo_framework_feedback.v1",
  "created_at": "2026-07-20T10:34:13.967246+00:00",
  "run_dir": "experiments/k562_feedback_guard_clean_full_run",
  "target_val_macro_f1": 0.5,
  "best_root": {
    "node": "official_k562_root_aido_gnn_embedding_mlp",
    "val": 0.49353158473968506,
    "test": 0.5434165596961975
  },
  "best_child": {
    "node": "official_k562_root_aido_gnn_embedding_mlp_p10_official_target_graph_conditioned_head_cc233d73",
    "val": 0.4935244619846344,
    "test": 0.5413962006568909
  },
  "strategy_stats": {
    "official_target_gene_head": {
      "n": 2,
      "family": "target_aware",
      "mean_val": 0.48081424832344055,
      "std_val": 0.0018204909745795567,
      "mean_test": 0.5278002619743347,
      "std_test": 0.011902775781658605,
      "mean_delta_vs_parent": -0.007002308964729309,
      "std_delta_vs_parent": 0.006261778356687782,
      "win_rate_vs_parent": 0.0,
      "best_node": "official_k562_root_aido_gnn_embedding_mlp_p4_official_target_gene_head_d1c96042"
    },
    "official_pathway_pooling_reactome": {
      "n": 2,
      "family": "pathway_prior",
      "mean_val": 0.4823503941297531,
      "std_val": 0.014855984383392695,
      "mean_test": 0.5475481152534485,
      "std_test": 0.00973491048165226,
      "mean_delta_vs_parent": -0.010842978954315186,
      "std_delta_vs_parent": 0.014377680873066814,
      "win_rate_vs_parent": 0.0,
      "best_node": "official_k562_root_aido_gnn_embedding_mlp_p5_official_pathway_pooling_reactome_9b3c1811"
    },
    "official_class_imbalance_training": {
      "n": 2,
      "family": "imbalance_training",
      "mean_val": 0.4418831318616867,
      "std_val": 0.05143843736648445,
      "mean_test": 0.4692169278860092,
      "std_test": 0.06388157789290123,
      "mean_delta_vs_parent": -0.016040757298469543,
      "std_delta_vs_parent": 0.017246090015596984,
      "win_rate_vs_parent": 0.0,
      "best_node": "official_k562_root_aido_gnn_embedding_mlp_p9_official_class_imbalance_training_9c56100e"
    },
    "official_string_neighborhood_attention": {
      "n": 2,
      "family": "graph_prior",
      "mean_val": 0.4634861946105957,
      "std_val": 0.02922121086272454,
      "mean_test": 0.5160049051046371,
      "std_test": 0.027250318859233857,
      "mean_delta_vs_parent": 0.00018548965454101562,
      "std_delta_vs_parent": 0.012575102309104387,
      "win_rate_vs_parent": 0.5,
      "best_node": "official_k562_root_aido_gnn_embedding_mlp_p8_official_string_neighborhood_attention_62af14f5"
    },
    "official_target_graph_conditioned_head": {
      "n": 2,
      "family": "target_aware",
      "mean_val": 0.47021788358688354,
      "std_val": 0.03296047926261106,
      "mean_test": 0.5147088319063187,
      "std_test": 0.03774163883111113,
      "mean_delta_vs_parent": 0.006917178630828857,
      "std_delta_vs_parent": 0.008835833909217869,
      "win_rate_vs_parent": 1.0,
      "best_node": "official_k562_root_aido_gnn_embedding_mlp_p10_official_target_graph_conditioned_head_cc233d73"
    },
    "official_target_low_rank_head": {
      "n": 2,
      "family": "target_aware",
      "mean_val": 0.46302346885204315,
      "std_val": 0.0280830562921121,
      "mean_test": 0.5088067203760147,
      "std_test": 0.030227614384891924,
      "mean_delta_vs_parent": 0.0026575177907943726,
      "std_delta_vs_parent": 0.009562888119455045,
      "win_rate_vs_parent": 0.5,
      "best_node": "official_k562_root_aido_gnn_embedding_mlp_p6_official_target_low_rank_head_4ca91b75"
    },
    "official_target_bilinear_head": {
      "n": 2,
      "family": "target_aware",
      "mean_val": 0.44867539405822754,
      "std_val": 0.055427699798313336,
      "mean_test": 0.48163144290447235,
      "std_test": 0.06985319627101576,
      "mean_delta_vs_parent": 0.00486929714679718,
      "std_delta_vs_parent": 0.00126977917851196,
      "win_rate_vs_parent": 1.0,
      "best_node": "official_k562_root_aido_gnn_embedding_mlp_p8_official_target_bilinear_head_495e575b"
    },
    "official_focal_loss_training": {
      "n": 1,
      "family": "imbalance_training",
      "mean_val": 0.40754663944244385,
      "std_val": 0.0,
      "mean_test": 0.4230891168117523,
      "std_test": 0.0,
      "mean_delta_vs_parent": 0.002035975456237793,
      "std_delta_vs_parent": 0.0,
      "win_rate_vs_parent": 1.0,
      "best_node": "official_k562_root_aido_embedding_mlp_p2_official_focal_loss_training_37672209"
    },
    "official_gene_dropout_augmentation": {
      "n": 1,
      "family": "stability_regularization",
      "mean_val": 0.4206240177154541,
      "std_val": 0.0,
      "mean_test": 0.43762362003326416,
      "std_test": 0.0,
      "mean_delta_vs_parent": 0.015113353729248047,
      "std_delta_vs_parent": 0.0,
      "win_rate_vs_parent": 1.0,
      "best_node": "official_k562_root_aido_embedding_mlp_p10_official_gene_dropout_augmentation_ed174d61"
    },
    "official_temperature_calibrated_head": {
      "n": 1,
      "family": "calibration",
      "mean_val": 0.39539361000061035,
      "std_val": 0.0,
      "mean_test": 0.41483595967292786,
      "std_test": 0.0,
      "mean_delta_vs_parent": -0.010117053985595703,
      "std_delta_vs_parent": 0.0,
      "win_rate_vs_parent": 0.0,
      "best_node": "official_k562_root_aido_embedding_mlp_p11_official_temperature_calibrated_head_ddceef70"
    },
    "official_multimodal_mixture_of_experts": {
      "n": 1,
      "family": "fusion",
      "mean_val": 0.41912344098091125,
      "std_val": 0.0,
      "mean_test": 0.4360753297805786,
      "std_test": 0.0,
      "mean_delta_vs_parent": 0.0136127769947052,
      "std_delta_vs_parent": 0.0,
      "win_rate_vs_parent": 1.0,
      "best_node": "official_k562_root_aido_embedding_mlp_p9_official_multimodal_mixture_of_experts_4c5d0049"
    },
    "official_weighted_ce_training": {
      "n": 1,
      "family": "imbalance_training",
      "mean_val": 0.48659539222717285,
      "std_val": 0.0,
      "mean_test": 0.531215250492096,
      "std_test": 0.0,
      "mean_delta_vs_parent": -0.0062597692012786865,
      "std_delta_vs_parent": 0.0,
      "win_rate_vs_parent": 0.0,
      "best_node": "official_k562_root_aido_gnn_embedding_mlp_p5_official_weighted_ce_training_ea636995"
    },
    "official_string_laplacian_smoothing": {
      "n": 1,
      "family": "graph_prior",
      "mean_val": 0.4869856536388397,
      "std_val": 0.0,
      "mean_test": 0.5260735750198364,
      "std_test": 0.0,
      "mean_delta_vs_parent": -0.005869507789611816,
      "std_delta_vs_parent": 0.0,
      "win_rate_vs_parent": 0.0,
      "best_node": "official_k562_root_aido_gnn_embedding_mlp_p4_official_string_laplacian_smoothing_dbe5f678"
    },
    "official_layerwise_lr_schedule": {
      "n": 1,
      "family": "official_layerwise_lr_schedule",
      "mean_val": 0.4799583852291107,
      "std_val": 0.0,
      "mean_test": 0.5150392651557922,
      "std_test": 0.0,
      "mean_delta_vs_parent": -0.0021431446075439453,
      "std_delta_vs_parent": 0.0,
      "win_rate_vs_parent": 0.0,
      "best_node": "official_k562_root_aido_gnn_embedding_mlp_p3_official_layerwise_lr_schedule_30ef5f9a"
    },
    "official_swa_or_checkpoint_ensemble": {
      "n": 1,
      "family": "stability_regularization",
      "mean_val": 0.4902402460575104,
      "std_val": 0.0,
      "mean_test": 0.5334185361862183,
      "std_test": 0.0,
      "mean_delta_vs_parent": 0.008138716220855713,
      "std_delta_vs_parent": 0.0,
      "win_rate_vs_parent": 1.0,
      "best_node": "official_k562_root_aido_gnn_embedding_mlp_p1_official_swa_or_checkpoint_ensemble_afa3a39a"
    }
  },
  "family_stats": {
    "target_aware": {
      "n": 8,
      "mean_val": 0.4656827487051487,
      "std_val": 0.029380018859475075,
      "mean_delta_vs_parent": 0.0018604211509227753,
      "std_delta_vs_parent": 0.007909830733764132,
      "win_rate_vs_parent": 0.625
    },
    "pathway_prior": {
      "n": 2,
      "mean_val": 0.4823503941297531,